feature,importance
is_peak_hour,0.43383655119741726
distance_km,0.24589181033466392
final_amount,0.13210876088137513
order_hour,0.040294897761730286
is_weekend,0.03907467387117968
city_enc,0.033354877204086836
rest_type_enc,0.026863559832396813
items_count,0.021926083599320807
estimated_time_min,0.02079020247514237
price_range,0.005858582842686821
